what,kind,bundleId,bundleVersion,description,time
activated,editor,org.scala-ide.sdt.core,2.0.2.v-2_09-201207120929-81d0972,"scala.tools.eclipse.ScalaSourceFileEditor",1359623121435
executed,command,org.eclipse.ui.workbench.texteditor,3.7.0.v20110505-0800,"org.eclipse.ui.edit.text.delete.line",1359623122369
executed,command,org.eclipse.ui.workbench.texteditor,3.7.0.v20110505-0800,"org.eclipse.ui.edit.text.delete.line",1359623122761
executed,command,org.eclipse.ui.workbench.texteditor,3.7.0.v20110505-0800,"org.eclipse.ui.edit.text.delete.line",1359623123444
executed,command,org.eclipse.ui,3.7.0.I20110602-0100,"org.eclipse.ui.file.save",1359623124149
activated,editor,org.scala-ide.sdt.core,2.0.2.v-2_09-201207120929-81d0972,"scala.tools.eclipse.ScalaSourceFileEditor",1359623127429
executed,command,org.eclipse.ui.workbench.texteditor,3.7.0.v20110505-0800,"org.eclipse.ui.edit.text.goto.wordNext",1359623128609
executed,command,org.eclipse.ui.workbench.texteditor,3.7.0.v20110505-0800,"org.eclipse.ui.edit.text.goto.wordNext",1359623128838
executed,command,org.eclipse.ui.workbench.texteditor,3.7.0.v20110505-0800,"org.eclipse.ui.edit.text.goto.wordNext",1359623129028
executed,command,org.eclipse.ui.workbench.texteditor,3.7.0.v20110505-0800,"org.eclipse.ui.edit.text.goto.wordNext",1359623129228
activated,editor,org.scala-ide.sdt.core,2.0.2.v-2_09-201207120929-81d0972,"scala.tools.eclipse.ScalaSourceFileEditor",1359623131096
activated,editor,org.scala-ide.sdt.core,2.0.2.v-2_09-201207120929-81d0972,"scala.tools.eclipse.ScalaSourceFileEditor",1359623131926
activated,editor,org.scala-ide.sdt.core,2.0.2.v-2_09-201207120929-81d0972,"scala.tools.eclipse.ScalaSourceFileEditor",1359623135181
activated,editor,org.scala-ide.sdt.core,2.0.2.v-2_09-201207120929-81d0972,"scala.tools.eclipse.ScalaSourceFileEditor",1359623137016
activated,editor,org.scala-ide.sdt.core,2.0.2.v-2_09-201207120929-81d0972,"scala.tools.eclipse.ScalaSourceFileEditor",1359623138214
activated,editor,org.scala-ide.sdt.core,2.0.2.v-2_09-201207120929-81d0972,"scala.tools.eclipse.ScalaSourceFileEditor",1359623139852
activated,editor,org.scala-ide.sdt.core,2.0.2.v-2_09-201207120929-81d0972,"scala.tools.eclipse.ScalaSourceFileEditor",1359623142347
executed,command,org.eclipse.ui.workbench.texteditor,3.7.0.v20110505-0800,"org.eclipse.ui.edit.text.goto.wordNext",1359623143622
executed,command,org.eclipse.ui.workbench.texteditor,3.7.0.v20110505-0800,"org.eclipse.ui.edit.text.goto.wordNext",1359623143795
executed,command,org.eclipse.ui.workbench.texteditor,3.7.0.v20110505-0800,"org.eclipse.ui.edit.text.goto.wordNext",1359623143962
executed,command,org.eclipse.ui.workbench.texteditor,3.7.0.v20110505-0800,"org.eclipse.ui.edit.text.goto.wordNext",1359623144113
executed,command,org.eclipse.ui.workbench.texteditor,3.7.0.v20110505-0800,"org.eclipse.ui.edit.text.goto.wordNext",1359623144268
executed,command,org.eclipse.ui.workbench.texteditor,3.7.0.v20110505-0800,"org.eclipse.ui.edit.text.select.wordNext",1359623144718
executed,command,org.eclipse.ui.workbench.texteditor,3.7.0.v20110505-0800,"org.eclipse.ui.edit.text.select.wordNext",1359623144895
executed,command,org.eclipse.ui.workbench.texteditor,3.7.0.v20110505-0800,"org.eclipse.ui.edit.text.select.wordNext",1359623145080
executed,command,org.eclipse.ui.workbench.texteditor,3.7.0.v20110505-0800,"org.eclipse.ui.edit.text.select.wordNext",1359623145326
executed,command,org.eclipse.ui.workbench.texteditor,3.7.0.v20110505-0800,"org.eclipse.ui.edit.text.select.wordNext",1359623145641
executed,command,org.eclipse.ui,3.7.0.I20110602-0100,"org.eclipse.ui.edit.copy",1359623147012
activated,editor,org.scala-ide.sdt.core,2.0.2.v-2_09-201207120929-81d0972,"scala.tools.eclipse.ScalaSourceFileEditor",1359623147508
executed,command,org.eclipse.ui,3.7.0.I20110602-0100,"org.eclipse.ui.edit.paste",1359623149605
executed,command,org.eclipse.ui.workbench.texteditor,3.7.0.v20110505-0800,"org.eclipse.ui.edit.text.goto.lineEnd",1359623151607
executed,command,org.eclipse.ui.workbench.texteditor,3.7.0.v20110505-0800,"org.eclipse.ui.edit.text.goto.wordPrevious",1359623152989
executed,command,org.eclipse.ui.workbench.texteditor,3.7.0.v20110505-0800,"org.eclipse.ui.edit.text.goto.wordPrevious",1359623153489
executed,command,org.eclipse.ui.workbench.texteditor,3.7.0.v20110505-0800,"org.eclipse.ui.edit.text.goto.wordPrevious",1359623153521
executed,command,org.eclipse.ui.workbench.texteditor,3.7.0.v20110505-0800,"org.eclipse.ui.edit.text.goto.wordPrevious",1359623153550
executed,command,org.eclipse.ui.workbench.texteditor,3.7.0.v20110505-0800,"org.eclipse.ui.edit.text.goto.wordPrevious",1359623153580
executed,command,org.eclipse.ui.workbench.texteditor,3.7.0.v20110505-0800,"org.eclipse.ui.edit.text.goto.wordPrevious",1359623153610
executed,command,org.eclipse.ui.workbench.texteditor,3.7.0.v20110505-0800,"org.eclipse.ui.edit.text.goto.wordPrevious",1359623153639
executed,command,org.eclipse.ui.workbench.texteditor,3.7.0.v20110505-0800,"org.eclipse.ui.edit.text.goto.wordPrevious",1359623153670
executed,command,org.eclipse.ui.workbench.texteditor,3.7.0.v20110505-0800,"org.eclipse.ui.edit.text.goto.wordPrevious",1359623153699
executed,command,org.eclipse.ui.workbench.texteditor,3.7.0.v20110505-0800,"org.eclipse.ui.edit.text.goto.wordPrevious",1359623153959
executed,command,org.eclipse.ui.workbench.texteditor,3.7.0.v20110505-0800,"org.eclipse.ui.edit.text.goto.wordPrevious",1359623154175
executed,command,org.eclipse.ui.workbench.texteditor,3.7.0.v20110505-0800,"org.eclipse.ui.edit.text.goto.wordPrevious",1359623154349
executed,command,org.eclipse.ui.workbench.texteditor,3.7.0.v20110505-0800,"org.eclipse.ui.edit.text.goto.wordPrevious",1359623154519
executed,command,org.eclipse.ui.workbench.texteditor,3.7.0.v20110505-0800,"org.eclipse.ui.edit.text.goto.wordPrevious",1359623154702
executed,command,org.eclipse.ui.workbench.texteditor,3.7.0.v20110505-0800,"org.eclipse.ui.edit.text.goto.wordPrevious",1359623154916
executed,command,org.eclipse.ui.workbench.texteditor,3.7.0.v20110505-0800,"org.eclipse.ui.edit.text.goto.wordPrevious",1359623155191
executed,command,org.eclipse.ui.workbench.texteditor,3.7.0.v20110505-0800,"org.eclipse.ui.edit.text.goto.wordPrevious",1359623155451
executed,command,org.eclipse.ui,3.7.0.I20110602-0100,"org.eclipse.ui.edit.paste",1359623156265
executed,command,org.eclipse.ui.workbench.texteditor,3.7.0.v20110505-0800,"org.eclipse.ui.edit.text.goto.lineEnd",1359623157227
executed,command,org.eclipse.ui,3.7.0.I20110602-0100,"org.eclipse.ui.file.save",1359623160910
activated,editor,org.scala-ide.sdt.core,2.0.2.v-2_09-201207120929-81d0972,"scala.tools.eclipse.ScalaSourceFileEditor",1359623162384
activated,editor,org.scala-ide.sdt.core,2.0.2.v-2_09-201207120929-81d0972,"scala.tools.eclipse.ScalaSourceFileEditor",1359623163354
activated,editor,org.scala-ide.sdt.core,2.0.2.v-2_09-201207120929-81d0972,"scala.tools.eclipse.ScalaSourceFileEditor",1359623163797
activated,editor,org.scala-ide.sdt.core,2.0.2.v-2_09-201207120929-81d0972,"scala.tools.eclipse.ScalaSourceFileEditor",1359623164410
activated,editor,org.scala-ide.sdt.core,2.0.2.v-2_09-201207120929-81d0972,"scala.tools.eclipse.ScalaSourceFileEditor",1359623165366
executed,command,org.eclipse.ui,3.7.0.I20110602-0100,"org.eclipse.ui.edit.delete",1359623171957
executed,command,org.eclipse.ui,3.7.0.I20110602-0100,"org.eclipse.ui.file.save",1359623173084
executed,command,org.eclipse.ui,3.7.0.I20110602-0100,"org.eclipse.ui.file.save",1359623199488
activated,editor,org.scala-ide.sdt.core,2.0.2.v-2_09-201207120929-81d0972,"scala.tools.eclipse.ScalaSourceFileEditor",1359623200191
activated,editor,org.scala-ide.sdt.core,2.0.2.v-2_09-201207120929-81d0972,"scala.tools.eclipse.ScalaSourceFileEditor",1359623200462
activated,editor,org.scala-ide.sdt.core,2.0.2.v-2_09-201207120929-81d0972,"scala.tools.eclipse.ScalaSourceFileEditor",1359623200727
executed,command,org.eclipse.ui.workbench.texteditor,3.7.0.v20110505-0800,"org.eclipse.ui.edit.text.select.lineStart",1359623205112
executed,command,org.eclipse.ui,3.7.0.I20110602-0100,"org.eclipse.ui.edit.copy",1359623206254
activated,view,org.eclipse.jdt.ui,3.7.0.v20110531-1200,"org.eclipse.jdt.ui.PackageExplorer",1359623208595
deactivated,workbench,org.eclipse.ui.workbench,3.7.0.I20110519-0100,"",1359623213694
executed,command,org.eclipse.ui,3.7.0.I20110602-0100,"org.eclipse.ui.newWizard",1359623244484
activated,workbench,org.eclipse.ui.workbench,3.7.0.I20110519-0100,"",1359623244506
opened,editor,org.scala-ide.sdt.core,2.0.2.v-2_09-201207120929-81d0972,"scala.tools.eclipse.ScalaSourceFileEditor",1359623244715
activated,editor,org.scala-ide.sdt.core,2.0.2.v-2_09-201207120929-81d0972,"scala.tools.eclipse.ScalaSourceFileEditor",1359623244852
executed,command,org.eclipse.ui,3.7.0.I20110602-0100,"org.eclipse.ui.edit.paste",1359623245991
executed,command,org.eclipse.ui.workbench.texteditor,3.7.0.v20110505-0800,"org.eclipse.ui.edit.text.goto.wordNext",1359623250267
executed,command,org.eclipse.ui.workbench.texteditor,3.7.0.v20110505-0800,"org.eclipse.ui.edit.text.goto.wordNext",1359623250452
executed,command,org.eclipse.ui.workbench.texteditor,3.7.0.v20110505-0800,"org.eclipse.ui.edit.text.goto.wordNext",1359623250653
executed,command,org.eclipse.ui.workbench.texteditor,3.7.0.v20110505-0800,"org.eclipse.ui.edit.text.goto.wordNext",1359623250959
executed,command,org.eclipse.ui.workbench.texteditor,3.7.0.v20110505-0800,"org.eclipse.ui.edit.text.goto.wordNext",1359623251419
executed,command,org.eclipse.ui.workbench.texteditor,3.7.0.v20110505-0800,"org.eclipse.ui.edit.text.select.wordNext",1359623252516
executed,command,org.eclipse.ui.workbench.texteditor,3.7.0.v20110505-0800,"org.eclipse.ui.edit.text.select.wordNext",1359623252752
executed,command,org.eclipse.ui.workbench.texteditor,3.7.0.v20110505-0800,"org.eclipse.ui.edit.text.select.wordNext",1359623253111
executed,command,org.eclipse.ui.workbench.texteditor,3.7.0.v20110505-0800,"org.eclipse.ui.edit.text.select.wordNext",1359623253350
executed,command,org.eclipse.ui.workbench.texteditor,3.7.0.v20110505-0800,"org.eclipse.ui.edit.text.select.wordNext",1359623253687
executed,command,org.eclipse.ui.workbench.texteditor,3.7.0.v20110505-0800,"org.eclipse.ui.edit.text.select.wordNext",1359623256150
executed,command,org.eclipse.ui.workbench.texteditor,3.7.0.v20110505-0800,"org.eclipse.ui.edit.text.select.wordNext",1359623256324
executed,command,org.eclipse.ui.workbench.texteditor,3.7.0.v20110505-0800,"org.eclipse.ui.edit.text.select.wordNext",1359623256484
executed,command,org.eclipse.ui.workbench.texteditor,3.7.0.v20110505-0800,"org.eclipse.ui.edit.text.select.wordNext",1359623256659
executed,command,org.eclipse.ui.workbench.texteditor,3.7.0.v20110505-0800,"org.eclipse.ui.edit.text.select.wordNext",1359623256884
executed,command,org.eclipse.ui.workbench.texteditor,3.7.0.v20110505-0800,"org.eclipse.ui.edit.text.goto.wordNext",1359623263472
executed,command,org.eclipse.ui.workbench.texteditor,3.7.0.v20110505-0800,"org.eclipse.ui.edit.text.goto.wordNext",1359623263682
executed,command,org.eclipse.ui.workbench.texteditor,3.7.0.v20110505-0800,"org.eclipse.ui.edit.text.goto.wordNext",1359623263877
executed,command,org.eclipse.ui.workbench.texteditor,3.7.0.v20110505-0800,"org.eclipse.ui.edit.text.goto.wordNext",1359623264069
executed,command,org.eclipse.ui.workbench.texteditor,3.7.0.v20110505-0800,"org.eclipse.ui.edit.text.goto.wordNext",1359623264262
executed,command,org.eclipse.ui.workbench.texteditor,3.7.0.v20110505-0800,"org.eclipse.ui.edit.text.select.lineEnd",1359623265220
executed,command,org.eclipse.ui,3.7.0.I20110602-0100,"org.eclipse.ui.edit.delete",1359623265752
executed,command,org.eclipse.ui,3.7.0.I20110602-0100,"org.eclipse.ui.file.save",1359623270721
activated,editor,org.scala-ide.sdt.core,2.0.2.v-2_09-201207120929-81d0972,"scala.tools.eclipse.ScalaSourceFileEditor",1359623271473
activated,editor,org.scala-ide.sdt.core,2.0.2.v-2_09-201207120929-81d0972,"scala.tools.eclipse.ScalaSourceFileEditor",1359623271626
activated,editor,org.scala-ide.sdt.core,2.0.2.v-2_09-201207120929-81d0972,"scala.tools.eclipse.ScalaSourceFileEditor",1359623271822
activated,editor,org.scala-ide.sdt.core,2.0.2.v-2_09-201207120929-81d0972,"scala.tools.eclipse.ScalaSourceFileEditor",1359623272808
activated,editor,org.scala-ide.sdt.core,2.0.2.v-2_09-201207120929-81d0972,"scala.tools.eclipse.ScalaSourceFileEditor",1359623273610
executed,command,org.eclipse.ui.workbench.texteditor,3.7.0.v20110505-0800,"org.eclipse.ui.edit.text.goto.lineEnd",1359623276874
executed,command,org.eclipse.ui,3.7.0.I20110602-0100,"org.eclipse.ui.file.save",1359623280661
executed,command,org.eclipse.ui.workbench.texteditor,3.7.0.v20110505-0800,"org.eclipse.ui.edit.text.goto.wordPrevious",1359623281429
executed,command,org.eclipse.ui.workbench.texteditor,3.7.0.v20110505-0800,"org.eclipse.ui.edit.text.goto.wordPrevious",1359623281620
executed,command,org.eclipse.ui.workbench.texteditor,3.7.0.v20110505-0800,"org.eclipse.ui.edit.text.goto.wordPrevious",1359623282028
executed,command,org.eclipse.ui.ide,3.7.0.I20110519-0100,"org.eclipse.jdt.ui.edit.text.java.correction.assist.proposals",1359623282551
activated,editor,org.scala-ide.sdt.core,2.0.2.v-2_09-201207120929-81d0972,"scala.tools.eclipse.ScalaSourceFileEditor",1359623284975
executed,command,org.eclipse.ui,3.7.0.I20110602-0100,"org.eclipse.ui.edit.copy",1359623287380
activated,editor,org.scala-ide.sdt.core,2.0.2.v-2_09-201207120929-81d0972,"scala.tools.eclipse.ScalaSourceFileEditor",1359623287943
executed,command,org.eclipse.ui,3.7.0.I20110602-0100,"org.eclipse.ui.edit.paste",1359623289620
executed,command,org.eclipse.ui.workbench.texteditor,3.7.0.v20110505-0800,"org.eclipse.ui.edit.text.goto.lineEnd",1359623293351
executed,command,org.eclipse.ui.workbench.texteditor,3.7.0.v20110505-0800,"org.eclipse.ui.edit.text.goto.lineEnd",1359623309113
executed,command,org.eclipse.ui,3.7.0.I20110602-0100,"org.eclipse.ui.file.save",1359623311530
executed,command,org.eclipse.ui,3.7.0.I20110602-0100,"org.eclipse.ui.file.save",1359623323511
activated,editor,org.scala-ide.sdt.core,2.0.2.v-2_09-201207120929-81d0972,"scala.tools.eclipse.ScalaSourceFileEditor",1359623333304
activated,editor,org.scala-ide.sdt.core,2.0.2.v-2_09-201207120929-81d0972,"scala.tools.eclipse.ScalaSourceFileEditor",1359623334281
executed,command,org.eclipse.ui.workbench.texteditor,3.7.0.v20110505-0800,"org.eclipse.ui.edit.text.goto.wordPrevious",1359623369267
executed,command,org.eclipse.ui.workbench.texteditor,3.7.0.v20110505-0800,"org.eclipse.ui.edit.text.goto.wordPrevious",1359623369453
executed,command,org.eclipse.ui.workbench.texteditor,3.7.0.v20110505-0800,"org.eclipse.ui.edit.text.select.lineEnd",1359623374174
executed,command,org.eclipse.ui,3.7.0.I20110602-0100,"org.eclipse.ui.edit.cut",1359623374460
executed,command,org.eclipse.ui,3.7.0.I20110602-0100,"org.eclipse.ui.edit.paste",1359623376914
executed,command,org.eclipse.ui,3.7.0.I20110602-0100,"org.eclipse.ui.file.save",1359623384236
executed,command,org.eclipse.ui.workbench.texteditor,3.7.0.v20110505-0800,"org.eclipse.ui.edit.text.goto.lineStart",1359623387059
executed,command,org.eclipse.ui.workbench.texteditor,3.7.0.v20110505-0800,"org.eclipse.ui.edit.text.select.wordPrevious",1359623393187
executed,command,org.eclipse.ui.workbench.texteditor,3.7.0.v20110505-0800,"org.eclipse.ui.edit.text.select.wordPrevious",1359623393510
executed,command,org.eclipse.ui,3.7.0.I20110602-0100,"org.eclipse.ui.edit.copy",1359623393942
executed,command,org.eclipse.ui.workbench.texteditor,3.7.0.v20110505-0800,"org.eclipse.ui.edit.text.goto.wordNext",1359623394894
executed,command,org.eclipse.ui.workbench.texteditor,3.7.0.v20110505-0800,"org.eclipse.ui.edit.text.goto.wordNext",1359623395102
executed,command,org.eclipse.ui,3.7.0.I20110602-0100,"org.eclipse.ui.edit.paste",1359623395817
executed,command,org.eclipse.ui.workbench.texteditor,3.7.0.v20110505-0800,"org.eclipse.ui.edit.text.delete.line",1359623396695
executed,command,org.eclipse.ui.workbench.texteditor,3.7.0.v20110505-0800,"org.eclipse.ui.edit.text.delete.line",1359623396975
executed,command,org.eclipse.ui,3.7.0.I20110602-0100,"org.eclipse.ui.file.save",1359623397641
executed,command,org.eclipse.ui.workbench.texteditor,3.7.0.v20110505-0800,"org.eclipse.ui.edit.text.delete.line",1359623398809
executed,command,org.eclipse.ui.workbench.texteditor,3.7.0.v20110505-0800,"org.eclipse.ui.edit.text.delete.line",1359623399263
executed,command,org.eclipse.ui,3.7.0.I20110602-0100,"org.eclipse.ui.file.save",1359623399833
executed,command,org.eclipse.ui.workbench.texteditor,3.7.0.v20110505-0800,"org.eclipse.ui.edit.text.goto.lineEnd",1359623401250
executed,command,org.eclipse.ui,3.7.0.I20110602-0100,"org.eclipse.ui.edit.undo",1359623406575
activated,editor,org.scala-ide.sdt.core,2.0.2.v-2_09-201207120929-81d0972,"scala.tools.eclipse.ScalaSourceFileEditor",1359623410302
activated,editor,org.scala-ide.sdt.core,2.0.2.v-2_09-201207120929-81d0972,"scala.tools.eclipse.ScalaSourceFileEditor",1359623411137
executed,command,org.eclipse.ui.workbench.texteditor,3.7.0.v20110505-0800,"org.eclipse.ui.edit.text.goto.lineEnd",1359623417797
executed,command,org.eclipse.ui,3.7.0.I20110602-0100,"org.eclipse.ui.file.save",1359623418495
activated,editor,org.scala-ide.sdt.core,2.0.2.v-2_09-201207120929-81d0972,"scala.tools.eclipse.ScalaSourceFileEditor",1359623421608
deactivated,workbench,org.eclipse.ui.workbench,3.7.0.I20110519-0100,"",1359623423098
activated,workbench,org.eclipse.ui.workbench,3.7.0.I20110519-0100,"",1359623424435
activated,editor,org.scala-ide.sdt.core,2.0.2.v-2_09-201207120929-81d0972,"scala.tools.eclipse.ScalaSourceFileEditor",1359623426956
activated,editor,org.scala-ide.sdt.core,2.0.2.v-2_09-201207120929-81d0972,"scala.tools.eclipse.ScalaSourceFileEditor",1359623436591
activated,editor,org.scala-ide.sdt.core,2.0.2.v-2_09-201207120929-81d0972,"scala.tools.eclipse.ScalaSourceFileEditor",1359623436783
activated,editor,org.scala-ide.sdt.core,2.0.2.v-2_09-201207120929-81d0972,"scala.tools.eclipse.ScalaSourceFileEditor",1359623436968
activated,editor,org.scala-ide.sdt.core,2.0.2.v-2_09-201207120929-81d0972,"scala.tools.eclipse.ScalaSourceFileEditor",1359623437168
activated,editor,org.scala-ide.sdt.core,2.0.2.v-2_09-201207120929-81d0972,"scala.tools.eclipse.ScalaSourceFileEditor",1359623437423
executed,command,org.eclipse.ui.workbench.texteditor,3.7.0.v20110505-0800,"org.eclipse.ui.edit.text.goto.lineEnd",1359623439379
executed,command,org.eclipse.ui.workbench.texteditor,3.7.0.v20110505-0800,"org.eclipse.ui.edit.text.select.lineStart",1359623439892
executed,command,org.eclipse.ui,3.7.0.I20110602-0100,"org.eclipse.ui.edit.cut",1359623440757
executed,command,org.eclipse.ui.workbench.texteditor,3.7.0.v20110505-0800,"org.eclipse.ui.edit.text.delete.line",1359623441114
executed,command,org.eclipse.ui,3.7.0.I20110602-0100,"org.eclipse.ui.file.save",1359623441637
activated,editor,org.scala-ide.sdt.core,2.0.2.v-2_09-201207120929-81d0972,"scala.tools.eclipse.ScalaSourceFileEditor",1359623442580
activated,editor,org.scala-ide.sdt.core,2.0.2.v-2_09-201207120929-81d0972,"scala.tools.eclipse.ScalaSourceFileEditor",1359623442799
activated,editor,org.scala-ide.sdt.core,2.0.2.v-2_09-201207120929-81d0972,"scala.tools.eclipse.ScalaSourceFileEditor",1359623442963
activated,editor,org.scala-ide.sdt.core,2.0.2.v-2_09-201207120929-81d0972,"scala.tools.eclipse.ScalaSourceFileEditor",1359623443194
activated,editor,org.scala-ide.sdt.core,2.0.2.v-2_09-201207120929-81d0972,"scala.tools.eclipse.ScalaSourceFileEditor",1359623443422
executed,command,org.eclipse.ui.workbench.texteditor,3.7.0.v20110505-0800,"org.eclipse.ui.edit.text.goto.lineEnd",1359623445051
executed,command,org.eclipse.ui,3.7.0.I20110602-0100,"org.eclipse.ui.edit.undo",1359623448488
executed,command,org.eclipse.ui,3.7.0.I20110602-0100,"org.eclipse.ui.edit.undo",1359623449653
activated,editor,org.scala-ide.sdt.core,2.0.2.v-2_09-201207120929-81d0972,"scala.tools.eclipse.ScalaSourceFileEditor",1359623450853
activated,editor,org.scala-ide.sdt.core,2.0.2.v-2_09-201207120929-81d0972,"scala.tools.eclipse.ScalaSourceFileEditor",1359623451029
activated,editor,org.scala-ide.sdt.core,2.0.2.v-2_09-201207120929-81d0972,"scala.tools.eclipse.ScalaSourceFileEditor",1359623451189
activated,editor,org.scala-ide.sdt.core,2.0.2.v-2_09-201207120929-81d0972,"scala.tools.eclipse.ScalaSourceFileEditor",1359623451351
activated,editor,org.scala-ide.sdt.core,2.0.2.v-2_09-201207120929-81d0972,"scala.tools.eclipse.ScalaSourceFileEditor",1359623451528
executed,command,org.eclipse.ui,3.7.0.I20110602-0100,"org.eclipse.ui.edit.undo",1359623451859
executed,command,org.eclipse.ui,3.7.0.I20110602-0100,"org.eclipse.ui.edit.undo",1359623452277
executed,command,org.eclipse.ui,3.7.0.I20110602-0100,"org.eclipse.ui.file.save",1359623455249
executed,command,org.eclipse.ui.workbench.texteditor,3.7.0.v20110505-0800,"org.eclipse.ui.edit.text.goto.lineEnd",1359623474594
executed,command,org.eclipse.ui,3.7.0.I20110602-0100,"org.eclipse.ui.file.save",1359623483431
activated,editor,org.scala-ide.sdt.core,2.0.2.v-2_09-201207120929-81d0972,"scala.tools.eclipse.ScalaSourceFileEditor",1359623490744
activated,editor,org.scala-ide.sdt.core,2.0.2.v-2_09-201207120929-81d0972,"scala.tools.eclipse.ScalaSourceFileEditor",1359623492048
activated,editor,org.scala-ide.sdt.core,2.0.2.v-2_09-201207120929-81d0972,"scala.tools.eclipse.ScalaSourceFileEditor",1359623492552
executed,command,org.eclipse.ui,3.7.0.I20110602-0100,"org.eclipse.ui.file.save",1359623515252
executed,command,org.eclipse.ui,3.7.0.I20110602-0100,"org.eclipse.ui.edit.copy",1359623519843
executed,command,org.eclipse.ui.workbench.texteditor,3.7.0.v20110505-0800,"org.eclipse.ui.edit.text.goto.lineEnd",1359623520800
executed,command,org.eclipse.ui,3.7.0.I20110602-0100,"org.eclipse.ui.edit.paste",1359623521324
executed,command,org.eclipse.ui,3.7.0.I20110602-0100,"org.eclipse.ui.edit.paste",1359623521942
executed,command,org.eclipse.ui,3.7.0.I20110602-0100,"org.eclipse.ui.edit.paste",1359623522452
executed,command,org.eclipse.ui,3.7.0.I20110602-0100,"org.eclipse.ui.edit.paste",1359623522910
executed,command,org.eclipse.ui,3.7.0.I20110602-0100,"org.eclipse.ui.edit.undo",1359623524287
executed,command,org.eclipse.ui,3.7.0.I20110602-0100,"org.eclipse.ui.edit.undo",1359623524560
executed,command,org.eclipse.ui,3.7.0.I20110602-0100,"org.eclipse.ui.edit.undo",1359623524827
executed,command,org.eclipse.ui,3.7.0.I20110602-0100,"org.eclipse.ui.edit.undo",1359623525103
executed,command,org.eclipse.ui.workbench.texteditor,3.7.0.v20110505-0800,"org.eclipse.ui.edit.text.goto.lineStart",1359623525989
executed,command,org.eclipse.ui,3.7.0.I20110602-0100,"org.eclipse.ui.edit.paste",1359623526991
executed,command,org.eclipse.ui,3.7.0.I20110602-0100,"org.eclipse.ui.edit.paste",1359623530740
executed,command,org.eclipse.ui.workbench.texteditor,3.7.0.v20110505-0800,"org.eclipse.ui.edit.text.goto.wordPrevious",1359623532354
executed,command,org.eclipse.ui.workbench.texteditor,3.7.0.v20110505-0800,"org.eclipse.ui.edit.text.goto.wordPrevious",1359623532670
executed,command,org.eclipse.ui,3.7.0.I20110602-0100,"org.eclipse.ui.edit.paste",1359623533365
executed,command,org.eclipse.ui.workbench.texteditor,3.7.0.v20110505-0800,"org.eclipse.ui.edit.text.goto.wordPrevious",1359623534666
executed,command,org.eclipse.ui.workbench.texteditor,3.7.0.v20110505-0800,"org.eclipse.ui.edit.text.goto.wordPrevious",1359623534872
executed,command,org.eclipse.ui,3.7.0.I20110602-0100,"org.eclipse.ui.edit.paste",1359623535777
executed,command,org.eclipse.ui,3.7.0.I20110602-0100,"org.eclipse.ui.file.save",1359623541294
activated,editor,org.scala-ide.sdt.core,2.0.2.v-2_09-201207120929-81d0972,"scala.tools.eclipse.ScalaSourceFileEditor",1359623551322
activated,editor,org.scala-ide.sdt.core,2.0.2.v-2_09-201207120929-81d0972,"scala.tools.eclipse.ScalaSourceFileEditor",1359623558471
executed,command,org.eclipse.ui.workbench.texteditor,3.7.0.v20110505-0800,"org.eclipse.ui.edit.text.delete.line",1359623566140
executed,command,org.eclipse.ui,3.7.0.I20110602-0100,"org.eclipse.ui.edit.undo",1359623566769
executed,command,org.eclipse.ui.workbench.texteditor,3.7.0.v20110505-0800,"org.eclipse.ui.edit.text.delete.line",1359623567772
executed,command,org.eclipse.ui,3.7.0.I20110602-0100,"org.eclipse.ui.file.save",1359623569269
executed,command,org.eclipse.ui.workbench.texteditor,3.7.0.v20110505-0800,"org.eclipse.ui.edit.text.goto.lineEnd",1359623570365
executed,command,org.eclipse.ui.workbench.texteditor,3.7.0.v20110505-0800,"org.eclipse.ui.edit.text.delete.line",1359623573384
executed,command,org.eclipse.ui,3.7.0.I20110602-0100,"org.eclipse.ui.file.save",1359623574807
executed,command,org.eclipse.ui,3.7.0.I20110602-0100,"org.eclipse.ui.edit.undo",1359623582109
activated,editor,org.scala-ide.sdt.core,2.0.2.v-2_09-201207120929-81d0972,"scala.tools.eclipse.ScalaSourceFileEditor",1359623591136
activated,editor,org.scala-ide.sdt.core,2.0.2.v-2_09-201207120929-81d0972,"scala.tools.eclipse.ScalaSourceFileEditor",1359623591933
executed,command,org.eclipse.ui,3.7.0.I20110602-0100,"org.eclipse.ui.file.save",1359623607737
executed,command,org.eclipse.ui.workbench.texteditor,3.7.0.v20110505-0800,"org.eclipse.ui.edit.text.select.wordPrevious",1359623613761
executed,command,org.eclipse.ui.workbench.texteditor,3.7.0.v20110505-0800,"org.eclipse.ui.edit.text.select.wordPrevious",1359623616435
executed,command,org.eclipse.ui.workbench.texteditor,3.7.0.v20110505-0800,"org.eclipse.ui.edit.text.select.wordPrevious",1359623618975
executed,command,org.eclipse.ui,3.7.0.I20110602-0100,"org.eclipse.ui.file.save",1359623623080
executed,command,org.eclipse.ui.workbench.texteditor,3.7.0.v20110505-0800,"org.eclipse.ui.edit.text.goto.wordPrevious",1359623628931
executed,command,org.eclipse.ui.workbench.texteditor,3.7.0.v20110505-0800,"org.eclipse.ui.edit.text.goto.wordPrevious",1359623629107
executed,command,org.eclipse.ui.workbench.texteditor,3.7.0.v20110505-0800,"org.eclipse.ui.edit.text.select.wordPrevious",1359623630022
executed,command,org.eclipse.ui.workbench.texteditor,3.7.0.v20110505-0800,"org.eclipse.ui.edit.text.goto.wordPrevious",1359623631930
executed,command,org.eclipse.ui.workbench.texteditor,3.7.0.v20110505-0800,"org.eclipse.ui.edit.text.goto.wordPrevious",1359623632105
executed,command,org.eclipse.ui.workbench.texteditor,3.7.0.v20110505-0800,"org.eclipse.ui.edit.text.select.wordPrevious",1359623633150
executed,command,org.eclipse.ui.workbench.texteditor,3.7.0.v20110505-0800,"org.eclipse.ui.edit.text.goto.wordNext",1359623635747
executed,command,org.eclipse.ui.workbench.texteditor,3.7.0.v20110505-0800,"org.eclipse.ui.edit.text.select.wordNext",1359623636561
executed,command,org.eclipse.ui.workbench.texteditor,3.7.0.v20110505-0800,"org.eclipse.ui.edit.text.select.wordPrevious",1359623639256
executed,command,org.eclipse.ui.workbench.texteditor,3.7.0.v20110505-0800,"org.eclipse.ui.edit.text.goto.wordPrevious",1359623641243
executed,command,org.eclipse.ui.workbench.texteditor,3.7.0.v20110505-0800,"org.eclipse.ui.edit.text.select.wordPrevious",1359623641658
executed,command,org.eclipse.ui.workbench.texteditor,3.7.0.v20110505-0800,"org.eclipse.ui.edit.text.goto.wordPrevious",1359623644383
